ID_Call,ID_Couple,Intruder,Owner,Sex,duration,element rate,peak freq(max),min freq(max),max freq(max),bandw(max),entropy(max),peak freq(mean),min freq(mean),max freq(mean),bandw(mean),entropy(mean),PC1,PC2,PC3,PC4,PC5
1,1,215,214,Male,0.01002,0.00488,35000,30000,42000,11000,0.187,35000,30000,76000,45000,0.191,-4.870199501,4.342236267,-0.564558484,1.564668753,-0.516944419
2,1,215,214,Male,0.00017,0,74000,70000,82000,11000,0.168,74000,70000,82000,11000,0.167,-3.969358784,10.84398419,0.882453231,-0.626562739,-3.689464127
3,1,215,214,Male,0.07573,0.00137,42000,16000,67000,51000,0.301,45000,5000,83000,77000,0.417,-0.449847023,0.625701892,-0.557339203,-0.144005847,-0.152179737
4,1,215,214,Male,0.05102,0.00104,49000,14000,68000,54000,0.351,48000,4000,70000,65000,0.397,-0.881857982,0.488164571,-0.038640582,-0.709794223,-0.912353548
5,1,215,214,Male,0.08665,0.00108,48000,20000,68000,48000,0.314,48000,7000,68000,61000,0.365,-1.350532798,1.240574344,-0.186784622,-0.767214851,-0.62557615
6,1,215,214,Male,0.06016,0.00093,43000,30000,70000,39000,0.301,49000,14000,73000,58000,0.34,-1.698168838,2.433279335,-0.181626369,-0.356988868,-0.762398413
7,1,215,214,Male,0.10385,0.00074,57000,27000,71000,43000,0.305,48000,23000,74000,51000,0.356,-1.66582477,3.086639587,0.402368996,-0.738995851,-1.148517008
8,1,215,214,Male,0.11724,0.00141,60000,20000,77000,57000,0.341,60000,7000,79000,71000,0.395,0.279597209,1.453143901,-0.00825211,-1.026617924,-0.750295192
9,1,215,214,Male,0.0663,0.00161,49000,11000,83000,71000,0.383,61000,5000,86000,80000,0.422,1.082986903,0.261194904,-0.054459109,-0.71423939,-1.310716769
10,1,215,214,Male,0.09843,0.00108,45000,11000,86000,74000,0.403,42000,8000,86000,77000,0.424,0.829444073,-0.097766177,-0.005536311,-0.325616267,-1.135763411
11,1,215,214,Male,0.10572,0.00153,46000,13000,76000,62000,0.371,46000,7000,77000,70000,0.42,-0.133655967,0.324353111,0.204173329,-0.520671171,-0.75828393
12,1,215,214,Male,0.10205,0.0013,46000,20000,83000,62000,0.41,46000,10000,84000,74000,0.418,0.469296243,0.803307851,0.348513609,-0.232491191,-0.861461413
13,1,215,214,Male,0.0826,0.0014,45000,14000,93000,79000,0.398,43000,5000,112000,106000,0.462,2.93859621,-0.261890121,-0.826256299,0.58233994,-0.588265799
14,1,215,214,Male,0.07406,0.00129,46000,17000,89000,71000,0.407,46000,7000,112000,105000,0.423,2.566315993,0.321624371,-0.852440418,0.53342674,-0.586229287
15,1,215,214,Male,0.03605,0.00112,41000,11000,99000,87000,0.428,41000,7000,117000,109000,0.476,3.383275582,-0.625148569,-0.787241898,0.852171715,-1.200647929
16,1,215,214,Male,0.01062,0.00209,55000,10000,77000,67000,0.425,65000,2000,84000,82000,0.515,1.360226176,-0.032129687,0.821528488,-0.483940579,-1.362812294
17,1,215,214,Male,0.09058,0.00108,49000,10000,80000,70000,0.395,49000,4000,86000,82000,0.471,1.083777451,-0.22824958,0.126441896,-0.526121312,-0.808443372
18,1,215,214,Male,0.02747,0.00085,48000,17000,109000,92000,0.428,48000,2000,124000,121000,0.561,4.983043193,-0.685389991,-0.750144675,0.906505882,-1.016265921
19,1,215,214,Male,0.0445,0.00127,39000,33000,80000,46000,0.21,39000,4000,104000,99000,0.535,1.25152815,1.31591746,-1.248095052,1.266103359,0.784386345
20,1,215,214,Male,0.03037,0.00077,48000,17000,86000,68000,0.407,65000,5000,120000,114000,0.492,3.40686377,0.529967204,-0.648421823,0.1509804,-0.63873502
21,2,222,210,Female,0.16456,0.00099,29000,4000,67000,62000,0.303,27000,2000,67000,64000,0.375,-1.625078177,-0.964535721,-0.700078251,-0.647088584,0.068863478
22,2,222,210,Female,0.07526,0.00242,20000,4000,79000,74000,0.343,20000,1000,79000,77000,0.408,-0.453458575,-1.718386809,-0.779553763,0.815799523,-0.469365762
23,2,222,210,Female,0.00021,0,95000,7000,120000,112000,0.311,93000,5000,120000,114000,0.341,5.7590112,1.253227373,-2.524762622,-1.827646733,-3.525509147
24,2,222,210,Female,0.03229,0.00537,188000,177000,203000,26000,0.265,7000,1000,235000,234000,0.549,16.35774543,10.95595331,-4.882605291,9.374539668,3.704388168
25,2,222,210,Female,0.00085,0.00034,10000,4000,79000,74000,0.355,8000,1000,80000,79000,0.428,-0.713917959,-2.25414186,-1.142622839,1.047043968,-0.775157652
26,3,190,179,Male,0.14596,0.00144,41000,4000,71000,67000,0.339,38000,2000,82000,79000,0.436,0.079150436,-0.779837084,-0.418389401,-0.48011149,-0.055892013
27,3,190,179,Male,0.13171,0.00096,39000,4000,67000,62000,0.353,32000,2000,77000,74000,0.413,-0.59715582,-0.841127012,-0.417359401,-0.476176926,-0.08121902
28,3,190,179,Male,0.14131,0.00124,38000,14000,70000,55000,0.315,38000,4000,79000,74000,0.421,-0.531154638,0.106969309,-0.409707793,-0.32729421,0.202646275
29,3,190,179,Male,0.05964,0.00058,38000,19000,74000,55000,0.342,41000,2000,82000,79000,0.417,-0.079993033,0.201223087,-0.630799551,-0.095228598,-0.294228502
30,3,190,179,Male,0.11831,0.00095,46000,23000,73000,49000,0.329,41000,5000,76000,70000,0.374,-0.637360268,1.007567112,-0.453207459,-0.388764316,-0.088509484
31,3,190,179,Male,0.00068,0.00068,23000,4000,62000,58000,0.342,23000,1000,70000,68000,0.366,-1.911018858,-1.23614843,-0.912601246,0.215705408,-0.765071584
32,3,190,179,Male,0.03195,0.00103,32000,10000,55000,45000,0.328,33000,5000,64000,58000,0.355,-2.608962147,0.028617212,-0.334586445,-0.242330164,-0.586883836
33,3,190,179,Male,0.04586,0.00072,48000,8000,102000,93000,0.39,32000,2000,102000,99000,0.441,2.795895623,-1.161528154,-1.249037508,0.44459352,-1.421640725
34,3,190,179,Male,0.12663,0.00097,42000,17000,70000,52000,0.27,39000,4000,80000,76000,0.408,-0.543288876,0.542930822,-0.871464809,-0.321058816,0.231836904
35,3,190,179,Male,0.05998,0.0009,32000,13000,67000,54000,0.315,32000,2000,76000,73000,0.416,-1.015548052,-0.31218817,-0.665406162,0.065627309,-0.166913669
36,3,190,179,Male,0.03784,0.00069,29000,4000,70000,65000,0.341,30000,2000,79000,76000,0.378,-0.783320194,-1.036009666,-1.022405533,0.000158479,-0.758666736
37,3,190,179,Male,0.11549,0.00073,33000,7000,58000,51000,0.336,30000,2000,82000,79000,0.423,-0.930167287,-0.619600076,-0.605840285,-0.130185175,0.480676966
38,3,190,179,Male,0.11063,0.00198,32000,5000,74000,68000,0.344,36000,2000,80000,77000,0.42,-0.190357053,-0.946721978,-0.442902499,-0.058378444,-0.31943205
39,3,190,179,Male,0.14173,0.00077,38000,19000,70000,51000,0.298,38000,5000,74000,68000,0.396,-1.017428337,0.573103917,-0.499484606,-0.509873922,0.16151423
40,3,190,179,Male,0.0189,0.00229,32000,14000,57000,42000,0.313,35000,4000,77000,73000,0.39,-1.650502744,0.249481737,-0.507236026,0.622260537,-0.100305382
41,3,190,179,Male,0.11046,0.00095,30000,13000,60000,46000,0.314,36000,5000,68000,62000,0.357,-2.113837196,0.213720113,-0.444879061,-0.504467815,-0.003147729
42,3,190,179,Male,0.00008,0,5000,1000,23000,21000,0.209,5000,1000,24000,23000,0.219,-7.799623952,-0.86453631,-1.246512287,-0.539548942,-0.106262994
43,3,190,179,Male,0.07769,0.0025,46000,23000,77000,54000,0.331,45000,4000,87000,83000,0.424,0.458866782,0.838365638,-0.382769064,0.451528,-0.127929632
44,3,190,179,Male,0.13725,0.00084,45000,21000,60000,38000,0.28,42000,14000,73000,58000,0.36,-2.063997581,1.926240615,-0.154784034,-0.677474208,-0.034092089
45,3,190,179,Male,0.12569,0.00071,27000,4000,71000,67000,0.288,29000,2000,79000,76000,0.399,-0.728386229,-1.055076955,-1.156058036,-0.30584189,-0.056782401
46,3,190,179,Male,0.13755,0.00076,45000,10000,71000,61000,0.37,30000,2000,80000,77000,0.412,-0.132649765,-0.490391142,-0.434140439,-0.323605946,0.014547706
47,4,226,225,Male,0.08042,0.00087,55000,27000,82000,54000,0.368,38000,4000,79000,74000,0.392,0.230425305,1.026215376,-0.357664825,-0.038364108,-0.500670347
48,5,228,210,Male,0.0252,0.008,37100,35600,40000,4300,0.195,38000,35100,50200,15100,0.336,-6.223787769,4.863599401,2.122198423,1.946080584,-0.660300694
49,5,228,210,Male,0.0938,0.0012,40500,17500,73700,56100,0.556,40500,5800,75100,69300,0.653,0.593377955,-0.60317127,2.947232807,-0.02095102,-0.29131495
50,6,231,179,Male,0.1803,0.0027,39500,19000,71700,52700,0.574,39000,4800,84400,79500,0.719,1.36603496,-0.737828313,3.486935493,0.491983266,0.904812989
51,6,231,179,Male,0.1373,0.009,53700,16600,70800,54100,0.558,47300,4800,78600,73700,0.687,1.205165092,-0.271053513,4.271118559,1.962214695,0.393838714
52,6,231,179,Male,0.1652,0.0108,53200,20900,70800,49800,0.592,45800,5300,77100,71700,0.676,1.096107965,-0.031436465,4.817277602,2.522783511,0.715178986
53,6,231,179,Male,0.1795,0.0023,51700,32200,74200,41900,0.521,44900,6800,79100,72200,0.661,0.961365735,0.856461664,3.132550902,0.196629422,0.842112161
54,6,231,179,Male,0.0741,0.0026,51200,19000,80500,61500,0.611,50700,13100,76600,63400,0.643,1.018122641,0.224870606,3.851609342,0.082785484,-1.267250512
55,6,231,179,Male,0.1871,0.0066,53700,21400,66400,44900,0.555,46800,6800,76600,69800,0.636,0.612378913,0.359468238,3.897671857,1.05922292,0.764987899
56,6,231,179,Male,0.1789,0.0028,47300,5300,73700,68300,0.577,47800,4300,76600,72200,0.656,1.255273929,-1.294660965,3.297801258,-0.467730333,-0.15958639
57,6,231,179,Male,0.1671,0.0046,34100,19000,75100,56100,0.59,32700,3900,76100,72200,0.691,0.856308619,-1.086676414,3.774064665,1.155511974,0.659694125
58,6,231,179,Male,0.0506,0.0031,38500,12200,77100,64900,0.636,34600,6300,81000,74700,0.682,1.234915126,-1.376622654,3.585603939,1.01238099,-0.715597176
59,6,231,179,Male,0.1094,0.0013,33600,21900,73200,51200,0.567,31700,12600,70800,58100,0.6,-0.456476133,-0.038431975,3.167324349,0.244247258,-0.402228371
60,6,231,179,Male,0.6533,0.0017,37500,19000,69300,50200,0.603,37100,7300,72700,65400,0.656,0.778378067,-0.572447444,4.280987903,-2.077764582,3.752470258
61,6,231,179,Male,0.017,0.0054,37100,19000,74200,55100,0.619,37100,5800,75100,69300,0.678,0.62429484,-0.813167745,3.997663002,1.814229157,-0.597156342
62,6,231,179,Male,0.0549,0.0021,35100,20000,77100,57100,0.585,35100,7300,76600,69300,0.662,0.620116147,-0.687212732,3.237523566,0.758349487,-0.524198041
63,6,231,179,Male,0.0549,0.0021,35100,20000,77100,57100,0.585,35100,7300,76600,69300,0.662,0.620116147,-0.687212732,3.237523566,0.758349487,-0.524198041
64,6,231,179,Male,0.0698,0.0025,35100,15600,82000,66400,0.632,34600,6800,81000,74200,0.68,1.359147887,-1.266287274,3.491483964,0.850100949,-0.663214935
65,6,231,179,Male,0.0506,0.0031,38500,12200,77100,64900,0.636,34600,6300,81000,74700,0.682,1.234915126,-1.376622654,3.585603939,1.01238099,-0.715597176
66,6,231,179,Male,0.0506,0.0031,38500,12200,77100,64900,0.636,34600,6300,81000,74700,0.682,1.234915126,-1.376622654,3.585603939,1.01238099,-0.715597176
67,6,231,179,Male,0.1629,0.0039,41500,28300,77600,49300,0.566,41500,28800,79100,50200,0.606,-0.342689944,1.88390472,4.383024671,0.742115539,-0.712111174
68,6,231,179,Male,0.1761,0.0022,40500,21900,76100,54100,0.592,41900,19500,78100,58500,0.65,0.280190482,0.613728558,4.114950776,0.040400404,-0.342688778
69,6,231,179,Male,0.1864,0.0014,49300,20500,77600,57100,0.577,38000,5300,76600,71200,0.638,1.11386087,-0.403780883,3.037347497,-0.237860022,0.27791307
70,6,231,179,Male,0.1608,0.0014,40500,20000,78600,58500,0.576,40500,7300,83000,75600,0.672,1.363672204,-0.489951107,3.124991343,0.035277868,0.197224851
71,6,231,179,Male,0.0972,0.0018,41000,19000,70300,51200,0.595,41000,18500,69800,51200,0.641,-0.517592963,0.440551067,4.156935952,-0.009768776,-0.946565536
72,6,231,179,Male,0.1466,0.0047,40500,34100,66800,32700,0.522,41500,19500,70300,50700,0.598,-1.102228263,1.896006497,4.046647443,1.02679614,0.203055446
73,6,231,179,Male,0.0134,0.0032,51200,19500,68800,49300,0.546,51200,3900,68800,64900,0.6,0.146922294,0.05890079,2.99269838,0.320489783,-0.870944767
74,6,231,179,Male,0.1896,0.0024,44900,27800,69800,41900,0.486,44900,23400,71700,48300,0.582,-0.974217331,1.959238864,3.556241398,-0.183631568,-0.177480838
75,6,231,179,Male,0.1025,0.0036,41000,24400,68300,43900,0.571,40500,5800,72700,66800,0.632,0.110214374,0.000373241,3.450227025,0.788424926,0.213822903
76,6,231,179,Male,0.1756,0.0014,43900,20500,68300,47800,0.508,44900,5300,73200,67800,0.64,0.278679316,-0.036508722,2.83319047,-0.462648172,0.555245242
77,6,231,179,Male,0.1573,0.0014,44400,21400,65400,43900,0.525,42900,5800,73700,67800,0.609,0.037817693,0.113694783,2.747217155,-0.305682146,0.498899582
78,6,231,179,Male,0.1807,0.0021,44900,30200,61000,30700,0.51,44900,20500,71700,51200,0.614,-1.13701697,1.950969367,3.825990792,-0.115391528,0.369538939
79,6,231,179,Male,0.1352,0.0016,44900,18000,73200,55100,0.562,43900,10700,78100,67300,0.659,0.675335303,-0.059983022,3.363935292,-0.144610548,-0.219471437
80,6,231,179,Male,0.1482,0.0017,47300,22900,66400,43400,0.503,47300,5800,73700,67800,0.638,0.209821102,0.339794168,2.871475126,-0.29151462,0.471518186
81,6,231,179,Male,0.1557,0.0022,46800,23400,73200,49800,0.553,46800,5800,77100,71200,0.654,0.89509785,0.075089718,3.219800596,-0.039545914,0.340192137
82,6,231,179,Male,0.1794,0.0028,42900,29700,71200,41500,0.525,43400,24900,71200,46300,0.579,-1.02080622,2.01101593,3.930004365,0.082095617,-0.335947389
83,6,231,179,Male,0.104,0.0019,43900,23400,61500,38000,0.497,44400,5800,73700,67800,0.615,-0.27087531,0.406909333,2.664467048,0.086882853,0.412702163
84,6,231,179,Male,0.0003,0,7300,3400,43400,40000,0.449,7300,3400,43400,40000,0.456,-4.47845506,-1.892213346,1.31065237,0.121991447,-0.457935258
85,6,231,179,Male,0.1765,0.0053,45800,18500,74200,55600,0.606,45800,4800,80500,75600,0.694,1.47082552,-0.563770717,4.078681695,0.879808976,0.538438185
86,6,231,179,Male,0.164,0.0013,54100,25800,72200,46300,0.575,50200,7300,80000,72700,0.662,1.177744267,0.511619944,3.370842423,-0.38535252,0.360667195
87,6,231,179,Male,0.1324,0.002,56100,27300,77100,49800,0.578,56600,14600,79500,64900,0.645,1.025819584,1.254880045,3.790515533,-0.300615674,-0.509618495
88,6,231,179,Male,0.1624,0.0017,59500,28800,73700,44900,0.524,59000,26300,74200,47800,0.575,-0.302809909,2.661746541,3.854118947,-0.832673808,-0.987667235
89,7,224,190,Male,0.08337,0.00112,64000,23000,76000,52000,0.354,43000,1000,84000,83000,0.436,0.790068663,0.885258877,-0.383220558,-0.126964739,-0.133133877
90,7,224,190,Male,0.08452,0.00171,38000,21000,76000,54000,0.326,30000,2000,80000,77000,0.448,-0.199929217,0.081858873,-0.393182696,0.564456652,0.120031321
91,7,224,190,Male,0.06348,0.00098,32000,5000,73000,67000,0.348,27000,4000,77000,73000,0.414,-0.675960955,-0.978539696,-0.550576881,0.068175328,-0.717001809
92,7,224,190,Male,0.05896,0.00141,42000,23000,67000,43000,0.313,41000,2000,77000,74000,0.403,-0.807885665,0.809624805,-0.530336249,0.109684405,0.048776047
93,7,224,190,Male,0.04147,0.00185,39000,19000,62000,43000,0.322,39000,2000,73000,70000,0.411,-1.289835156,0.468849114,-0.260426033,0.217518267,-0.072861011
94,7,224,190,Male,0.09442,0.00114,39000,8000,73000,64000,0.334,38000,2000,79000,76000,0.435,-0.16445559,-0.558679495,-0.452985757,-0.311692369,-0.379104442
95,7,224,190,Male,0.08768,0.00106,29000,10000,73000,62000,0.34,32000,2000,77000,74000,0.424,-0.595895716,-0.743507102,-0.497121842,-0.022818129,-0.265565027
96,7,224,190,Male,0.13939,0.0016,27000,10000,71000,61000,0.347,33000,2000,76000,73000,0.415,-0.711641678,-0.745910096,-0.309064626,-0.127718847,0.12855005
97,7,224,190,Male,0.10862,0.00098,27000,2000,70000,67000,0.351,26000,2000,79000,76000,0.433,-0.592685774,-1.429689715,-0.516492494,-0.049162529,-0.167138483
98,7,224,190,Male,0.06634,0.00108,29000,19000,73000,54000,0.299,29000,2000,83000,80000,0.414,-0.501085333,-0.083846676,-1.029138444,0.547370308,0.122113673
99,7,224,190,Male,0.08409,0.00108,26000,2000,74000,71000,0.385,29000,2000,84000,82000,0.444,0.026453778,-1.567042842,-0.41878592,0.134525905,-0.42066343
100,7,224,190,Male,0.07808,0.00108,64000,11000,83000,71000,0.364,27000,4000,83000,79000,0.412,0.767917771,-0.138907877,-0.629233896,0.056919532,-0.948395374
101,7,224,190,Male,0.11993,0.00103,36000,16000,71000,55000,0.347,36000,2000,79000,76000,0.415,-0.4054483,-0.096085289,-0.419816507,-0.168676244,0.150278713
102,7,224,190,Male,0.0698,0.00122,61000,4000,76000,71000,0.352,62000,2000,84000,82000,0.435,1.090413959,0.002566678,-0.315224177,-1.178342333,-1.213036392
103,7,224,190,Male,0.11054,0.001,29000,4000,76000,71000,0.335,29000,1000,95000,93000,0.467,0.813662768,-1.380235149,-0.986511365,0.316618061,0.144019401
104,7,224,190,Male,0.04266,0.00109,30000,5000,77000,71000,0.339,30000,2000,77000,74000,0.377,-0.546096171,-1.077290621,-0.973679848,0.052722368,-1.001589225
105,7,224,190,Male,0.09173,0.00104,32000,2000,71000,68000,0.347,33000,1000,83000,82000,0.438,-0.054962133,-1.277275925,-0.658686796,-0.127494153,-0.280037984
106,7,224,190,Male,0.0026,0,17000,2000,45000,42000,0.294,16000,2000,70000,67000,0.326,-3.237897774,-1.012593008,-1.471075627,0.238567853,-0.080915449
107,7,224,190,Male,0.09514,0.00099,29000,2000,70000,67000,0.333,30000,2000,79000,76000,0.413,-0.616457317,-1.222760827,-0.744410111,-0.167483145,-0.341998251
108,7,224,190,Male,0.06647,0.00097,24000,13000,82000,68000,0.352,29000,2000,86000,83000,0.421,0.205237607,-0.880975548,-0.872680479,0.477853048,-0.391494732
109,7,224,190,Male,0.11891,0.00169,19000,4000,82000,77000,0.345,19000,2000,82000,79000,0.445,-0.055456101,-1.826773212,-0.649016696,0.554961826,-0.204260228
110,7,224,190,Male,0.05815,0.00099,29000,2000,73000,70000,0.338,27000,2000,89000,86000,0.412,0.042401106,-1.328815555,-1.157264292,0.346149091,-0.459563528
111,7,224,190,Male,0.07901,0.00102,29000,2000,86000,83000,0.395,27000,2000,92000,89000,0.445,1.111087305,-1.783031411,-0.741392148,0.356224774,-0.774331391
112,7,224,190,Male,0.06784,0.00105,29000,4000,77000,73000,0.336,29000,2000,79000,76000,0.413,-0.306892828,-1.272951885,-0.819288766,0.030622503,-0.745804417
113,7,224,190,Male,0.0759,0.00153,32000,2000,76000,73000,0.352,21000,2000,80000,77000,0.432,-0.245176875,-1.536705294,-0.622641511,0.402292341,-0.573309768
114,7,224,190,Male,0.06877,0.00116,64000,2000,84000,82000,0.384,65000,2000,89000,86000,0.436,1.961619364,-0.255245889,-0.311992229,-1.275020571,-1.643739532
115,7,224,190,Male,0.06033,0.00116,20000,4000,77000,73000,0.294,21000,2000,80000,77000,0.403,-0.659595806,-1.48853686,-1.297545066,0.463953701,-0.549206
116,7,224,190,Male,0.05661,0.00106,27000,11000,92000,80000,0.392,29000,2000,93000,90000,0.444,1.332559406,-1.278887776,-0.788633416,0.656585488,-0.805733593
117,7,224,190,Male,0.06784,0.00105,29000,4000,77000,73000,0.336,29000,2000,79000,76000,0.413,-0.306892828,-1.272951885,-0.819288766,0.030622503,-0.745804417
118,7,224,190,Male,0.0759,0.00153,32000,2000,76000,73000,0.352,21000,2000,80000,77000,0.432,-0.245176875,-1.536705294,-0.622641511,0.402292341,-0.573309768
119,7,224,190,Male,0.06877,0.00116,64000,2000,84000,82000,0.384,65000,2000,89000,86000,0.436,1.961619364,-0.255245889,-0.311992229,-1.275020571,-1.643739532
120,7,224,190,Male,0.06033,0.00116,20000,4000,77000,73000,0.294,21000,2000,80000,77000,0.403,-0.659595806,-1.48853686,-1.297545066,0.463953701,-0.549206
121,7,224,190,Male,0.13085,0.00148,27000,14000,76000,61000,0.326,27000,2000,77000,74000,0.406,-0.626682163,-0.597410673,-0.647829617,0.196992081,0.153485645
122,8,190,224,Male,0.04945,0.00133,57000,7000,77000,70000,0.381,41000,2000,83000,80000,0.434,0.732920802,-0.403852261,-0.302513915,-0.255994524,-1.080230694
123,8,190,224,Male,0.00729,0.00072,27000,8000,68000,60000,0.333,27000,4000,77000,73000,0.397,-1.175434582,-0.732959719,-0.813473322,0.329871446,-0.799363871
124,8,190,224,Male,0.03293,0.00102,45000,29000,76000,46000,0.333,48000,4000,86000,82000,0.427,0.258082576,1.300529629,-0.484527971,0.229361405,-0.258046782
125,8,190,224,Male,0.02922,0.00161,23000,14000,71000,57000,0.301,29000,2000,84000,82000,0.416,-0.612286612,-0.511315385,-1.057354827,0.829737909,-0.13811656
126,8,190,224,Male,0.01992,0.00124,65000,4000,82000,77000,0.39,67000,2000,90000,87000,0.45,1.92775254,-0.036862235,-0.199964847,-1.020020467,-1.797424855
127,8,190,224,Male,0.09126,0.00098,30000,13000,84000,71000,0.356,32000,5000,90000,84000,0.447,0.659753366,-0.596987053,-0.590134188,0.329558292,-0.433370397
128,8,190,224,Male,0.03438,0.00087,35000,10000,84000,74000,0.396,20000,2000,84000,82000,0.417,0.407357251,-1.213058677,-0.738600486,0.671900425,-0.924981056
129,8,190,224,Male,0.00853,0.00849,19000,4000,67000,62000,0.273,19000,1000,80000,79000,0.372,-1.336874587,-1.223198669,-0.685466323,3.032009395,-0.135626202
130,8,190,224,Male,0.12019,0.00123,35000,10000,84000,74000,0.396,29000,2000,89000,86000,0.453,0.99108377,-1.089945186,-0.387594562,0.262821091,-0.250427766
131,8,190,224,Male,0.00465,0.00114,30000,8000,57000,48000,0.344,32000,2000,83000,80000,0.42,-1.095322667,-0.534230325,-0.651997484,0.476449244,-0.172557038
132,8,190,224,Male,0.00004,0,29000,2000,68000,65000,0.356,29000,1000,68000,67000,0.362,-1.490033004,-1.264323133,-0.889430757,-0.353997378,-1.275920393
133,8,190,224,Male,0.05883,0.00116,19000,4000,67000,62000,0.273,20000,1000,80000,79000,0.411,-1.151606895,-1.355438956,-1.371488122,0.560934865,-0.007896191
134,8,190,224,Male,0.03933,0.00131,21000,8000,74000,65000,0.367,21000,1000,87000,86000,0.47,-0.018910529,-1.496565867,-0.591531135,0.975790748,-0.152532221
135,8,190,224,Male,0.02577,0.00128,33000,16000,82000,65000,0.355,33000,2000,86000,83000,0.452,0.452149504,-0.48299446,-0.578578156,0.635776226,-0.624678572
136,8,190,224,Male,0.1105,0.00097,32000,10000,79000,68000,0.347,35000,4000,86000,82000,0.445,0.342862446,-0.640429104,-0.518492973,-0.030196551,-0.264943022
137,8,190,224,Male,0.04864,0.00134,67000,10000,84000,74000,0.394,68000,7000,89000,82000,0.443,1.756255606,0.731150987,0.165788994,-1.053662354,-1.792469266
138,9,213,234,Male,0.08281,0.0008,38000,33000,62000,29000,0.226,43000,5000,89000,83000,0.427,-0.75027834,1.921168734,-1.105883308,0.366110478,1.047283739
139,9,213,234,Male,0.00844,0.00076,46000,14000,71000,57000,0.361,48000,4000,79000,74000,0.402,-0.276130387,0.351918455,-0.362142829,-0.358233713,-1.11004941
140,9,213,234,Male,0.09877,0.00109,57000,35000,73000,38000,0.333,55000,5000,80000,74000,0.414,-0.003497654,2.216385143,-0.039407272,-0.398033634,0.104872119
141,9,213,234,Male,0.11921,0.00121,36000,32000,43000,11000,0.173,35000,23000,77000,54000,0.359,-3.755790966,3.585298445,-0.348127066,0.223572611,0.86611926
142,9,213,234,Male,0.11345,0.00555,35000,30000,74000,43000,0.187,32000,27000,73000,45000,0.237,-3.087529418,3.343921838,-0.442427421,1.348690739,-0.810719253
143,9,213,234,Male,0.08238,0.00171,51000,10000,73000,62000,0.365,32000,2000,93000,90000,0.485,0.984687181,-0.444322908,-0.340047375,0.490193602,-0.019497151
144,9,213,234,Male,0.00042,0.00025,7000,1000,60000,58000,0.305,8000,1000,58000,57000,0.311,-3.420524545,-1.832155418,-1.3921132,0.319142323,-0.783255591
145,9,213,234,Male,0.00674,0.00165,16000,4000,74000,70000,0.313,16000,2000,65000,62000,0.389,-1.881303474,-1.655474081,-0.796087335,0.65331806,-1.090821916
146,9,213,234,Male,0.02026,0.005,14000,8000,79000,70000,0.352,16000,2000,80000,77000,0.451,-0.571798257,-1.65958632,-0.138406731,2.202818369,-0.45782818
147,10,231,237,Male,0.09937,0.00152,35000,16000,77000,61000,0.377,33000,2000,83000,80000,0.491,0.333228463,-0.51028797,0.107571787,0.348990822,0.031667268
148,11,235,219,Female,0.16051,0.00192,57000,13000,76000,62000,0.328,55000,2000,80000,77000,0.473,0.731560053,0.37094176,0.136609552,-0.909984187,-0.081045963
149,11,235,219,Female,0.23283,0.00168,52000,32000,67000,35000,0.32,51000,4000,83000,79000,0.429,-0.000407274,1.878527003,0.044385637,-0.556928022,1.469188368
150,11,235,219,Female,0.11008,0.00117,49000,29000,77000,48000,0.311,43000,5000,84000,79000,0.406,0.140599004,1.404663755,-0.594325213,0.005775705,0.145089758
151,12,241,239,Male,0.14673,0.00148,55000,51000,62000,11000,0.168,19000,2000,76000,73000,0.421,-1.590486765,2.913768973,-1.1851438,1.130308608,2.29084794
152,12,241,239,Male,0.10892,0.00106,23000,4000,62000,58000,0.309,19000,2000,73000,70000,0.41,-1.670210928,-1.245810679,-0.73711121,0.131964666,0.20790155
153,12,241,239,Male,0.00004,0,26000,1000,90000,89000,0.442,26000,1000,90000,89000,0.442,1.243455548,-2.232982733,-0.758967586,0.354748754,-1.600930621
154,12,241,239,Male,0.02086,0.00517,20000,5000,62000,57000,0.344,26000,2000,89000,86000,0.427,-0.682532355,-1.144318293,-0.375529561,2.013575178,0.0813717
155,12,241,239,Male,0.0672,0.00231,17000,4000,58000,54000,0.311,17000,1000,76000,74000,0.451,-1.702798402,-1.474096422,-0.475692339,0.942481159,0.400245552
156,12,241,239,Male,0.0672,0.00231,17000,4000,58000,54000,0.311,17000,1000,76000,74000,0.45,-1.705711784,-1.472022547,-0.482327292,0.941533718,0.398307884
157,12,241,239,Male,0.0672,0.00231,17000,4000,58000,54000,0.311,17000,1000,76000,74000,0.45,-1.705711784,-1.472022547,-0.482327292,0.941533718,0.398307884
158,12,241,239,Male,0.04595,0.00108,7000,1000,62000,61000,0.312,7000,1000,70000,68000,0.443,-2.191969585,-2.167584406,-0.706697557,0.835946712,-0.010635603
159,12,241,239,Male,0.11118,0.00077,19000,4000,61000,57000,0.281,19000,2000,68000,65000,0.416,-2.131438387,-1.264767643,-0.756889844,-0.058665535,0.223606428
160,12,241,239,Male,0.0148,0.00097,20000,7000,67000,60000,0.267,20000,4000,48000,43000,0.349,-3.440061503,-0.855976034,-0.648180376,-0.163081347,-1.267851606
161,12,241,239,Male,0.11118,0.00077,19000,4000,61000,57000,0.282,19000,2000,68000,65000,0.416,-2.129143834,-1.267226297,-0.75001706,-0.058547766,0.222159603
162,12,241,239,Male,0.0148,0.00091,20000,7000,67000,60000,0.265,20000,4000,48000,43000,0.349,-3.444631514,-0.851632201,-0.67029324,-0.181834317,-1.26731417
163,12,241,239,Male,0.13124,0.00166,19000,2000,61000,58000,0.342,19000,1000,71000,70000,0.448,-1.620018518,-1.657226779,-0.157826373,0.216006631,0.456018037
164,12,241,239,Male,0.02436,0.0021,14000,4000,57000,52000,0.3,17000,1000,71000,70000,0.448,-2.174975772,-1.47583207,-0.497555093,0.968201778,0.08834882
165,12,241,239,Male,0.11306,0.00145,20000,2000,67000,64000,0.33,7000,1000,79000,77000,0.476,-0.988781005,-2.000955389,-0.540915848,0.848747159,0.469154319
166,12,241,239,Male,0.00473,0.00065,8000,4000,46000,42000,0.347,7000,2000,62000,60000,0.382,-3.631307336,-1.54646928,-0.499092985,0.725311058,0.026244024
167,12,241,239,Male,0.03208,0.00114,26000,1000,70000,68000,0.358,7000,1000,80000,79000,0.449,-0.73587354,-2.021966354,-0.75949918,1.022902294,-0.376604563
168,12,241,239,Male,0.06259,0.01563,7000,2000,67000,64000,0.365,7000,1000,71000,70000,0.475,-1.659496756,-2.234650478,1.835813841,5.352325826,0.56289619
169,12,241,239,Male,0.11349,0.00109,30000,4000,65000,61000,0.351,17000,2000,70000,67000,0.416,-1.470354899,-1.32385644,-0.342300874,0.058414469,-0.032726085
170,12,241,239,Male,0.10619,0.00111,19000,2000,71000,68000,0.298,20000,1000,80000,79000,0.478,-0.628711191,-1.770243535,-0.755660261,0.352573942,0.181728789
171,12,241,239,Male,0.12518,0.00102,52000,2000,64000,61000,0.337,16000,1000,76000,74000,0.454,-0.617658334,-1.095402915,-0.421851382,-0.013593313,0.136770195
172,12,241,239,Male,0.0503,0.00122,19000,2000,61000,58000,0.341,19000,1000,71000,70000,0.442,-1.72998521,-1.644380559,-0.373263176,0.413710785,-0.138818289
173,12,241,239,Male,0.0465,0.0014,19000,4000,54000,49000,0.327,19000,1000,71000,70000,0.444,-2.12659418,-1.341528531,-0.350285068,0.552688375,0.218206263
174,12,241,239,Male,0.02432,0.00209,14000,4000,57000,52000,0.295,17000,1000,71000,70000,0.45,-2.180663229,-1.46778107,-0.520096734,0.96658926,0.098785182
175,12,241,239,Male,0.09966,0.00129,21000,2000,67000,64000,0.334,20000,1000,77000,76000,0.474,-0.899801842,-1.736914236,-0.377789095,0.349343174,0.153888475
176,12,241,239,Male,0.00473,0.00076,8000,4000,46000,42000,0.347,7000,2000,62000,60000,0.382,-3.631342341,-1.545417913,-0.483752945,0.759259684,0.030563749
177,12,241,239,Male,0.03212,0.00118,26000,1000,70000,68000,0.372,7000,1000,80000,79000,0.449,-0.703717895,-2.056006248,-0.657648925,1.036728329,-0.395008905
178,12,241,239,Male,0.06254,0.01562,7000,2000,67000,64000,0.359,7000,1000,71000,70000,0.475,-1.67331669,-2.219992809,1.793116243,5.348742576,0.570833943
179,12,241,239,Male,0.11345,0.00108,30000,4000,65000,61000,0.352,17000,2000,70000,67000,0.416,-1.468101806,-1.32640961,-0.336875712,0.055613679,-0.034846007
180,12,241,239,Male,0.10619,0.00114,19000,4000,71000,67000,0.299,20000,1000,80000,79000,0.478,-0.626698046,-1.660915907,-0.732808377,0.406794259,0.234714885
181,12,241,239,Male,0.12518,0.00103,54000,5000,70000,64000,0.349,16000,1000,76000,74000,0.454,-0.283984922,-0.997652353,-0.368989564,0.039381324,-0.020476144
182,12,241,239,Male,0.11345,0.00104,30000,4000,67000,62000,0.354,17000,2000,70000,67000,0.416,-1.383592513,-1.346764855,-0.343038931,0.046618504,-0.095335149
183,12,241,239,Male,0.10619,0.00115,19000,4000,71000,67000,0.302,20000,1000,80000,79000,0.478,-0.619817572,-1.668196288,-0.710795474,0.410233803,0.230767113
184,12,241,239,Male,0.12518,0.00102,54000,5000,70000,64000,0.337,16000,1000,76000,74000,0.454,-0.311516368,-0.968244092,-0.452857529,0.034881862,-0.003506951
185,13,240,245,Female,0.16588,0.00106,42000,24000,70000,45000,0.298,45000,4000,84000,80000,0.412,-0.179419328,1.067516515,-0.595893993,-0.373397353,0.761462607
186,13,240,245,Female,0.14054,0.00093,48000,23000,76000,52000,0.303,49000,2000,84000,82000,0.409,0.377797924,0.932169835,-0.762089504,-0.533358696,0.29431102
187,13,240,245,Female,0.11912,0.00101,51000,20000,73000,52000,0.326,46000,4000,83000,79000,0.413,0.149461625,0.869484418,-0.475656306,-0.437130979,0.006950172
188,13,240,245,Female,0.19805,0.00116,46000,20000,82000,61000,0.36,48000,2000,84000,82000,0.418,0.873798385,0.394419762,-0.299788644,-0.727461146,0.320668695
189,13,240,245,Female,0.14587,0.00104,52000,20000,77000,57000,0.333,48000,4000,83000,79000,0.415,0.463809458,0.806920069,-0.396713359,-0.631687643,-0.025431752
190,13,240,245,Female,0.08153,0.00103,49000,14000,74000,60000,0.358,48000,2000,86000,83000,0.431,0.605312273,0.170716265,-0.423709912,-0.397725213,-0.402439988
191,13,240,245,Female,0.2775,0.00181,42000,8000,70000,61000,0.371,42000,2000,80000,77000,0.419,0.097560295,-0.41364186,0.074082601,-1.016070621,0.910698882
192,13,240,245,Female,0.22592,0.00155,42000,13000,74000,61000,0.335,43000,2000,84000,82000,0.438,0.454405755,-0.105845884,-0.292088256,-0.672203815,0.730866809
193,13,240,245,Female,0.22971,0.00153,42000,13000,74000,61000,0.335,43000,2000,84000,82000,0.437,0.45572851,-0.10406383,-0.296483597,-0.695211442,0.754711114
194,14,235,244,Female,0.15684,0.0011,45000,26000,70000,43000,0.321,39000,7000,86000,79000,0.41,-0.230513568,1.316141058,-0.400691283,-0.042943862,0.673418891
195,14,235,244,Female,0.13917,0.00214,39000,21000,83000,61000,0.361,51000,11000,86000,74000,0.402,0.309540715,1.072975611,0.132443577,-0.20000187,-0.511792215
196,15,224,246,Male,0.14519,0.00101,41000,27000,77000,49000,0.314,41000,4000,84000,80000,0.445,0.176104066,0.926561782,-0.388344415,-0.057252196,0.552416272
197,15,224,246,Male,0.22318,0.00083,61000,16000,77000,61000,0.367,57000,2000,95000,92000,0.476,1.916095286,0.569831303,-0.102880111,-1.146062968,0.603460963
198,16,246,247,Male,0.17668,0.00098,24000,19000,46000,27000,0.281,30000,1000,79000,77000,0.394,-2.075221621,0.357503174,-0.806326526,-0.002766341,1.937217162
199,16,246,247,Male,0.15249,0.00113,43000,5000,74000,68000,0.342,7000,1000,82000,80000,0.412,-0.172711632,-1.361355193,-0.991443149,0.471124432,0.295363101
200,16,246,247,Male,0.13585,0.00247,48000,8000,76000,67000,0.361,7000,1000,101000,99000,0.445,1.220179469,-1.157079707,-1.092430115,1.514386256,0.69879317
201,16,246,247,Male,0.17629,0.00098,24000,19000,46000,27000,0.284,29000,1000,79000,77000,0.395,-2.079036484,0.328027541,-0.790270368,0.03512304,1.944664876
202,16,246,247,Male,0.15424,0.00118,43000,7000,73000,65000,0.34,7000,1000,82000,80000,0.411,-0.247191165,-1.199384222,-0.975596627,0.532425197,0.426190775
203,16,246,247,Male,0.13585,0.00247,48000,8000,76000,67000,0.36,7000,1000,101000,99000,0.445,1.217884916,-1.154621053,-1.099302899,1.514268487,0.700239995
204,16,246,247,Male,0.22715,0.00183,43000,4000,84000,80000,0.361,43000,1000,95000,93000,0.448,1.8145466,-1.013858613,-0.581943604,-0.564115353,0.280760658
205,16,246,247,Male,0.18372,0.00285,65000,8000,86000,77000,0.387,43000,1000,96000,95000,0.458,2.400117815,-0.389192462,-0.257457734,-0.098174721,-0.063840781
206,16,246,247,Male,0.18171,0.00313,42000,4000,96000,92000,0.417,45000,2000,99000,96000,0.454,2.689501974,-1.281018778,-0.210437155,0.053905231,-0.506949685
207,16,246,247,Male,0.18252,0.00309,48000,8000,76000,67000,0.36,7000,1000,90000,89000,0.433,0.620673047,-1.154171186,-0.684509545,1.222298292,0.787147393
208,16,246,247,Male,0.22327,0.00183,43000,4000,84000,80000,0.36,42000,1000,95000,93000,0.443,1.780178275,-1.020963686,-0.63781896,-0.51775159,0.257905244
209,16,246,247,Male,0.18372,0.00285,65000,8000,95000,86000,0.391,43000,1000,96000,95000,0.458,2.85494541,-0.573340434,-0.318369017,-0.116995114,-0.424860456
210,16,246,247,Male,0.17821,0.00143,43000,4000,98000,93000,0.431,45000,2000,99000,96000,0.453,2.814324033,-1.324278428,-0.375768975,-0.460783498,-0.685317254
211,16,246,247,Male,0.23859,0.00189,48000,20000,76000,55000,0.319,46000,1000,90000,89000,0.448,1.030758772,0.495058195,-0.440552937,-0.423438983,1.187684592
212,16,246,247,Male,0.16934,0.00244,67000,7000,84000,77000,0.406,46000,1000,98000,96000,0.456,2.51926364,-0.377257202,-0.225352427,-0.273357429,-0.216698401
213,16,246,247,Male,0.06186,0.00974,32000,27000,68000,41000,0.191,29000,24000,65000,41000,0.213,-3.828965051,2.951061944,0.014851776,2.70428704,-0.907493248
214,16,246,247,Male,0.064,0.00492,19000,5000,30000,24000,0.243,17000,2000,32000,29000,0.267,-6.394113583,-0.246824343,-0.005529653,0.506346352,0.298255036
215,16,246,247,Male,1.2398,0.00235,48000,16000,76000,60000,0.313,46000,2000,99000,96000,0.46,2.670337871,0.266952308,0.726321171,-4.358613534,8.222290601
216,17,193,202,Female,0.16661,0.001,55000,11000,70000,58000,0.338,30000,2000,96000,93000,0.431,0.926085272,-0.101737714,-0.948961537,0.01018322,0.69320134
217,17,193,202,Female,0.11566,0.00093,55000,11000,70000,58000,0.338,30000,2000,96000,93000,0.427,0.85759204,-0.09275802,-1.052865508,0.198372559,0.325549275
218,17,193,202,Female,0.11566,0.00097,55000,11000,70000,58000,0.339,30000,2000,96000,93000,0.427,0.859873864,-0.094834358,-1.040414527,0.210835282,0.325673259
219,17,193,202,Female,0.01258,0.00132,55000,10000,96000,86000,0.347,32000,4000,76000,71000,0.401,0.756014546,-0.50521705,-0.722878547,0.041036189,-2.12763711
220,17,193,202,Female,0.07953,0.00133,29000,5000,70000,64000,0.367,30000,1000,77000,76000,0.411,-0.626328204,-1.179061682,-0.478069978,0.044544603,-0.356312195
221,17,193,202,Female,0.16661,0.001,55000,11000,70000,58000,0.344,30000,2000,96000,93000,0.431,0.939852586,-0.116489634,-0.907724829,0.010889831,0.684520392
222,17,193,202,Female,0.11566,0.00097,55000,11000,70000,58000,0.335,30000,2000,96000,93000,0.427,0.850695654,-0.084999745,-1.067905666,0.210364208,0.331460558
223,17,193,202,Female,0.11566,0.00097,55000,11000,70000,58000,0.335,30000,2000,96000,93000,0.427,0.850695654,-0.084999745,-1.067905666,0.210364208,0.331460558
224,17,193,202,Female,0.07953,0.00133,29000,5000,70000,64000,0.365,30000,1000,77000,76000,0.411,-0.630917309,-1.174144376,-0.491815548,0.044309065,-0.353418546
225,17,193,202,Female,0.11968,0.00081,19000,14000,41000,26000,0.234,20000,5000,62000,57000,0.344,-4.018903422,0.309085197,-0.895362523,-0.034339615,1.107766494
226,17,193,202,Female,0.14498,0.00096,20000,4000,65000,61000,0.354,38000,2000,79000,76000,0.416,-0.817964994,-1.096283392,-0.382073693,-0.527783224,0.211258035
227,17,193,202,Female,0.16512,0.00088,35000,14000,67000,52000,0.297,38000,2000,76000,73000,0.403,-0.869934164,0.028428076,-0.657312724,-0.597475305,0.529098649
228,18,233,213,Male,0.10355,0.00041,52000,19000,68000,49000,0.292,51000,5000,70000,64000,0.365,-1.057796021,1.224549222,-0.540939341,-1.16453596,-0.472907025
229,18,233,213,Male,0.19635,0.00071,57000,20000,73000,52000,0.313,54000,4000,76000,71000,0.415,-0.002895485,1.165073713,-0.1509007,-1.376416504,0.229947417
230,19,195,190,Male,0.19707,0.01159,41000,4000,76000,71000,0.324,41000,1000,84000,83000,0.451,0.607822158,-0.7661929,0.911135129,2.407815601,0.652746743
231,19,195,190,Male,0.18538,0.00228,55000,16000,77000,61000,0.362,29000,2000,79000,76000,0.416,0.271711475,0.004383261,-0.161114075,0.015467217,0.321406533
232,19,195,190,Male,0.14702,0.01033,57000,10000,76000,65000,0.334,58000,1000,84000,83000,0.435,0.999617405,0.30262343,0.8825788,1.641047965,0.079837083
233,19,195,190,Male,0.11302,0.00215,55000,14000,73000,58000,0.311,55000,5000,77000,71000,0.412,-0.072596513,0.841648542,-0.114752727,-0.737404055,-0.554288323
234,19,195,190,Male,0.14489,0.01196,57000,10000,74000,64000,0.335,58000,1000,84000,83000,0.435,0.919108635,0.330856333,1.128267522,2.150037388,0.1834944
235,19,195,190,Male,0.11302,0.00216,55000,14000,73000,58000,0.305,55000,5000,77000,71000,0.412,-0.086367009,0.856496041,-0.154594886,-0.735024427,-0.545214673
236,19,195,190,Male,0.18713,0.00215,36000,29000,65000,36000,0.276,38000,2000,83000,80000,0.416,-0.65461315,1.128835933,-0.596286841,0.274610973,1.569372053
237,19,195,190,Male,0.16166,0.00288,38000,4000,70000,65000,0.331,38000,1000,86000,84000,0.435,0.236519317,-0.827458494,-0.434080365,0.038934095,0.355430711
238,19,195,190,Male,0.14894,0.00095,57000,10000,80000,70000,0.375,54000,1000,80000,79000,0.42,0.986582077,-0.046633189,-0.196025173,-1.251635079,-0.586526545
239,19,195,190,Male,0.2007,0.0012,57000,8000,71000,62000,0.36,38000,1000,82000,80000,0.435,0.48718118,-0.28774413,-0.239349844,-0.8034459,0.373151573
240,19,195,190,Male,0.13418,0.00072,38000,2000,73000,70000,0.364,41000,1000,76000,74000,0.405,-0.18022717,-1.020864298,-0.428552445,-0.961068525,-0.491792793
241,19,195,190,Male,0.15671,0.00066,38000,16000,77000,61000,0.38,26000,2000,80000,77000,0.435,0.031433084,-0.497045216,-0.259580263,-0.068519064,0.279046035
242,19,195,190,Male,0.20834,0.00134,57000,5000,70000,64000,0.355,38000,1000,79000,77000,0.43,0.274434866,-0.453767025,-0.194071,-0.951964963,0.285497109
243,19,195,190,Male,0.15061,0.00209,58000,11000,76000,64000,0.373,32000,2000,79000,76000,0.422,0.352277534,-0.209894849,-0.110536888,-0.141911479,-0.126437741
244,19,195,190,Male,0.20194,0.00087,30000,10000,77000,67000,0.371,27000,2000,79000,76000,0.427,-0.101555291,-1.007554099,-0.301922901,-0.351564925,0.408462882
245,19,195,190,Male,0.07022,0.00091,65000,4000,83000,79000,0.396,62000,4000,82000,77000,0.418,1.332440956,-0.00324261,-0.043940231,-1.411590618,-1.820195367
246,19,195,190,Male,0.17634,0.00052,61000,19000,71000,52000,0.29,60000,2000,82000,79000,0.435,0.523793913,1.193731681,-0.463862831,-1.445575733,0.307204123
247,19,195,190,Male,0.11793,0.00058,65000,10000,82000,71000,0.361,67000,5000,83000,77000,0.413,1.233818857,0.713089798,-0.158051898,-1.707775644,-1.260136142
248,19,195,190,Male,0.20791,0.00043,23000,7000,73000,65000,0.355,23000,2000,77000,74000,0.424,-0.631005826,-1.29448963,-0.450935136,-0.432179192,0.582926049
249,19,195,190,Male,0.12936,0.00107,24000,10000,70000,60000,0.341,58000,2000,80000,77000,0.421,-0.263237893,-0.280466703,-0.256291181,-0.986219645,-0.098213096
250,19,195,190,Male,0.18803,0.00257,39000,16000,65000,49000,0.34,39000,2000,82000,79000,0.427,-0.33663076,0.152781178,-0.087817478,-0.007724387,0.963475123
251,19,195,190,Male,0.21201,0.0015,39000,17000,79000,61000,0.321,43000,2000,86000,83000,0.428,0.599928112,0.095377207,-0.54209027,-0.47186753,0.66968343
252,19,195,190,Male,0.11438,0.00267,42000,5000,70000,64000,0.355,41000,2000,87000,84000,0.441,0.36633324,-0.615206269,-0.253757644,0.091040126,-0.072779871
253,19,195,190,Male,0.105,0.0019,26000,13000,74000,61000,0.372,30000,4000,84000,80000,0.422,-0.22758115,-0.595482961,-0.301610099,0.516480156,0.010723206
254,20,18,255,Female,0.06344,0.00154,36000,32000,79000,46000,0.207,36000,5000,83000,77000,0.38,-0.600213734,1.506087032,-1.520059701,0.679172316,0.157684684
255,20,18,255,Female,0.07057,0.00128,32000,27000,65000,38000,0.2,52000,4000,77000,73000,0.388,-1.344449828,1.561091697,-1.160548162,-0.200423367,0.324344216
256,20,18,255,Female,0.00051,0,36000,30000,45000,14000,0.216,35000,30000,45000,14000,0.205,-6.410251618,4.091380529,0.029138515,-0.70735945,-1.635176959
257,20,18,255,Female,0.02342,0.00209,35000,30000,43000,13000,0.189,35000,27000,76000,48000,0.273,-4.379024605,3.876924957,-0.559569836,0.724937189,-0.278452777
258,20,18,255,Female,0.00499,0.00183,58000,26000,65000,39000,0.199,58000,26000,67000,41000,0.214,-3.121861149,4.105677733,-0.697095744,-0.705379506,-2.201977602
259,20,18,255,Female,0.0576,0.00173,33000,29000,73000,43000,0.195,33000,26000,76000,49000,0.336,-2.677473516,2.948124904,-0.482184471,0.537898283,-1.042493164
260,20,18,255,Female,0.03345,0.00148,33000,27000,73000,45000,0.229,33000,27000,74000,46000,0.276,-2.952650142,2.92117757,-0.609162045,0.401752009,-1.563038263
261,20,18,255,Female,0.02632,0.00137,27000,23000,35000,11000,0.184,30000,23000,76000,52000,0.346,-4.522555564,2.880104727,-0.466435361,0.65589284,0.282153024
262,20,18,255,Female,0.0433,0.00211,29000,24000,38000,13000,0.18,32000,24000,68000,43000,0.268,-5.057369903,3.204784374,-0.56355589,0.460037321,-0.0770681
263,20,18,255,Female,0.07965,0.00147,35000,29000,42000,13000,0.199,32000,23000,71000,48000,0.285,-4.384512266,3.401729567,-0.527667699,0.283456187,0.250902251
264,20,18,255,Female,0.11746,0.00074,46000,7000,73000,65000,0.344,46000,2000,82000,79000,0.435,0.30769676,-0.34649259,-0.423661986,-0.817761374,-0.379056531
265,20,18,255,Female,0.08298,0.00184,49000,7000,68000,61000,0.312,16000,2000,83000,80000,0.437,-0.307025493,-0.725422954,-0.828866145,0.716822963,0.021169431
266,20,18,255,Female,0.0794,0.00184,30000,7000,58000,51000,0.346,23000,1000,82000,80000,0.428,-1.028329342,-0.917559012,-0.530644266,0.642855511,0.434663769
267,20,18,255,Female,0.0282,0.00699,38000,10000,76000,65000,0.356,38000,5000,76000,70000,0.38,-0.577865914,-0.170410726,0.313137232,1.688893711,-1.015335049
268,20,18,255,Female,0.08934,0.00094,14000,5000,41000,35000,0.29,14000,2000,67000,64000,0.362,-3.531181147,-0.897881314,-0.874332665,0.302943339,0.893982746
269,20,18,255,Female,0.08631,0.00092,11000,2000,60000,57000,0.284,13000,2000,74000,71000,0.402,-2.124468524,-1.602915943,-1.114346384,0.470418985,0.295197114
270,20,18,255,Female,0.1277,0.00076,16000,7000,61000,54000,0.347,14000,2000,87000,84000,0.452,-0.901997392,-1.419888427,-0.702026884,0.684506073,0.956989527
271,21,251,255,Female,0.09083,0.00093,57000,17000,74000,57000,0.321,55000,2000,82000,79000,0.41,0.452314473,0.800889965,-0.577465394,-0.83046051,-0.465638182
272,21,251,255,Female,0.06754,0.00351,54000,49000,61000,11000,0.157,51000,5000,90000,84000,0.307,-1.031156122,3.977686802,-1.796072059,1.182347584,1.366516156
273,21,251,255,Female,0.15547,0.00076,55000,14000,73000,58000,0.337,57000,4000,82000,77000,0.404,0.383607914,0.75724981,-0.325759366,-1.285477833,-0.220308494
274,21,251,255,Female,0.15001,0.00085,64000,30000,86000,55000,0.366,58000,4000,83000,79000,0.417,1.240172075,1.688925155,-0.054802665,-0.904290933,-0.23131834
275,22,231,224,Male,0.15095,0.00154,52000,13000,80000,67000,0.358,54000,2000,89000,86000,0.456,1.373294506,0.12563264,-0.193619913,-0.703754022,-0.154858576
276,22,231,224,Male,0.15342,0.00099,55000,16000,83000,67000,0.352,54000,2000,89000,86000,0.451,1.524553472,0.350993464,-0.341860954,-0.842905292,-0.190872359
277,22,231,224,Male,0.12117,0.00105,52000,5000,71000,65000,0.316,54000,4000,89000,84000,0.428,0.666282013,0.087188654,-0.639699825,-0.949984582,-0.409886761
278,22,231,224,Male,0.13632,0.00097,51000,7000,83000,76000,0.361,54000,2000,90000,87000,0.432,1.540040135,-0.318834049,-0.546070056,-0.969326048,-0.645552481
279,22,231,224,Male,0.05243,0.00116,58000,16000,82000,65000,0.344,57000,2000,90000,87000,0.432,1.424432234,0.580566378,-0.615624919,-0.480845864,-0.896141908
280,22,231,224,Male,0.08686,0.00144,7000,1000,64000,62000,0.309,55000,1000,90000,89000,0.437,-0.266603754,-1.161529169,-0.841310092,-0.373911253,0.099409878
281,22,231,224,Male,0.1399,0.00109,57000,7000,83000,76000,0.366,57000,2000,95000,92000,0.443,2.032744243,-0.160289876,-0.543404309,-0.961994606,-0.576772766
282,22,231,224,Male,0.14724,0.00102,57000,16000,79000,62000,0.325,57000,2000,89000,86000,0.433,1.263729633,0.657016878,-0.571964049,-0.933891147,-0.103496705
283,22,231,224,Male,0.0375,0.00416,51000,4000,87000,83000,0.369,48000,2000,93000,90000,0.449,1.819493628,-0.734686137,-0.2925823,0.64741718,-1.318792436
284,22,231,224,Male,0.05171,0.0043,54000,8000,86000,77000,0.357,52000,2000,92000,89000,0.443,1.734514103,-0.239467884,-0.24801635,0.546581145,-1.093281839
285,22,231,224,Male,0.20266,0.00085,52000,26000,68000,42000,0.277,54000,2000,89000,86000,0.427,0.44059387,1.488046832,-0.741258395,-0.805173368,1.210277818
286,22,231,224,Male,0.14856,0.0053,52000,4000,73000,68000,0.322,52000,2000,80000,77000,0.428,0.376140857,-0.200167384,0.167075925,0.05868509,-0.252919766
287,22,231,224,Male,0.14749,0.00525,52000,4000,74000,70000,0.325,52000,2000,80000,77000,0.428,0.450488604,-0.251041649,0.164164936,0.038547918,-0.329110412
288,22,231,224,Male,0.2679,0.00105,57000,4000,86000,82000,0.341,55000,1000,92000,90000,0.46,2.198698771,-0.518648752,-0.471127567,-1.587753802,0.164568805
289,22,231,224,Male,0.15705,0.00076,54000,19000,62000,43000,0.298,52000,1000,90000,89000,0.441,0.400605978,0.974464785,-0.702584608,-0.703804581,0.951486399
290,22,231,224,Male,0.15607,0.00109,20000,4000,60000,55000,0.286,21000,1000,89000,87000,0.437,-0.754227355,-1.243818131,-1.189832176,0.353607039,1.152442837
291,22,231,224,Male,0.15961,0.00075,23000,4000,71000,67000,0.358,23000,1000,82000,80000,0.434,-0.354123926,-1.568701775,-0.615222719,-0.069310542,0.383005384
292,22,231,224,Male,0.17497,0.0012,38000,4000,87000,83000,0.397,36000,1000,89000,87000,0.442,1.433065498,-1.407250535,-0.443311163,-0.416728677,-0.298442647
293,22,231,224,Male,0.15658,0.00127,52000,14000,79000,64000,0.343,52000,1000,90000,89000,0.449,1.359492711,0.16799555,-0.476437893,-0.674176463,0.09782007
294,22,231,224,Male,0.17651,0.00081,5000,1000,68000,67000,0.295,38000,1000,95000,93000,0.462,0.094012953,-1.653436935,-1.117013072,-0.206842405,0.925052886
295,22,231,224,Male,0.05661,0.00314,45000,26000,76000,49000,0.329,43000,2000,93000,90000,0.442,0.771488414,0.869660358,-0.48944697,1.072707255,0.230442181
296,22,231,224,Male,0.1777,0.00087,36000,20000,86000,65000,0.377,38000,2000,92000,89000,0.447,1.289651802,-0.167867711,-0.462415894,-0.07789869,0.426617028
297,22,231,224,Male,0.07603,0.0018,55000,13000,77000,64000,0.342,43000,2000,90000,87000,0.442,1.034069614,0.099222631,-0.577234783,0.066829249,-0.42037795
298,22,231,224,Male,0.1748,0.00101,54000,16000,80000,64000,0.36,39000,4000,90000,86000,0.436,1.133926684,0.242713599,-0.426150568,-0.370165021,0.164699159
299,23,224,231,Male,0.13683,0.00093,24000,17000,68000,51000,0.326,23000,2000,93000,90000,0.447,-0.084304677,-0.460628877,-0.919741881,0.711298702,1.107751841
300,23,224,231,Male,0.14054,0.00099,55000,26000,92000,65000,0.314,55000,5000,92000,86000,0.424,1.698601916,1.272747145,-0.718731805,-0.535558644,-0.333591388
301,23,224,231,Male,0.16716,0.00112,49000,11000,98000,86000,0.4,45000,1000,102000,101000,0.466,3.071205726,-0.7553585,-0.665217553,-0.278275511,-0.355097078
302,23,224,231,Male,0.1786,0.00072,60000,55000,68000,13000,0.181,58000,2000,90000,87000,0.449,0.239853458,3.882635773,-1.03826168,-0.159234398,2.224486048
303,23,224,231,Male,0.14702,0.00069,58000,7000,79000,71000,0.333,57000,2000,89000,86000,0.446,1.426178082,0.019226702,-0.552901689,-1.265174422,-0.4560067
304,23,224,231,Male,0.19575,0.00094,61000,33000,76000,42000,0.297,61000,2000,95000,92000,0.448,1.462438762,2.074010815,-0.587519514,-0.718086944,1.12202243
305,23,224,231,Male,0.1649,0.00082,54000,16000,77000,61000,0.335,55000,2000,89000,86000,0.442,1.169199498,0.525472059,-0.458405507,-0.967601684,0.123174921
306,23,224,231,Male,0.21482,0.00129,58000,16000,76000,60000,0.341,54000,2000,95000,92000,0.449,1.622044479,0.592733185,-0.433271936,-0.865141786,0.652013912
307,23,224,231,Male,0.18269,0.00066,55000,14000,76000,61000,0.334,57000,2000,93000,90000,0.446,1.427666127,0.494431104,-0.548927206,-1.104809792,0.295609177
308,23,224,231,Male,0.16644,0.00752,52000,7000,86000,79000,0.363,54000,1000,95000,93000,0.466,2.188515801,-0.432988787,0.397861773,1.0766886,-0.072190672
309,23,224,231,Male,0.15406,0.00082,54000,16000,70000,54000,0.349,54000,2000,92000,89000,0.446,1.015854499,0.605002762,-0.390950947,-0.788614258,0.39302706
310,23,224,231,Male,0.15044,0.0009,54000,49000,61000,11000,0.159,55000,4000,92000,87000,0.443,-0.313377228,3.674576529,-1.212698362,0.073734285,2.155246767
311,23,224,231,Male,0.19285,0.00084,55000,23000,79000,55000,0.344,42000,2000,95000,92000,0.436,1.412882609,0.745977131,-0.686634146,-0.295066902,0.799487557
312,23,224,231,Male,0.17429,0.00096,52000,8000,82000,73000,0.363,54000,2000,86000,83000,0.426,1.277231699,-0.190032587,-0.366326169,-1.214079465,-0.395308314
313,23,224,231,Male,0.24256,0.00099,52000,14000,87000,73000,0.355,52000,2000,95000,92000,0.451,2.114359815,0.040465764,-0.482121799,-1.025293273,0.386266029
314,23,224,231,Male,0.169,0.00117,61000,8000,87000,79000,0.389,58000,4000,96000,92000,0.446,2.380664005,0.011674165,-0.270230046,-1.074999295,-0.635388497
315,23,224,231,Male,0.19869,0.00092,58000,14000,90000,76000,0.371,57000,2000,95000,92000,0.447,2.419330305,0.173787461,-0.435944166,-1.097192634,-0.189372677
316,23,224,231,Male,0.14374,0.00095,49000,17000,77000,60000,0.38,49000,2000,95000,92000,0.442,1.414228854,0.275353967,-0.418258353,-0.398755831,0.211650063
317,23,224,231,Male,0.15594,0.00068,61000,13000,76000,62000,0.349,54000,2000,93000,90000,0.449,1.525549433,0.446324921,-0.492436213,-0.954247888,0.039524524
318,23,224,231,Male,0.18094,0.00067,183000,48000,199000,150000,0.354,48000,1000,96000,95000,0.469,9.87753049,2.65879847,-1.299743546,-1.1297234,-4.144507625
319,23,224,231,Male,0.11767,0.00082,29000,7000,79000,71000,0.368,57000,2000,90000,87000,0.44,0.961454039,-0.638883525,-0.43880568,-0.83057489,-0.438932533
320,23,224,231,Male,0.18077,0.00077,26000,5000,86000,80000,0.389,27000,1000,87000,86000,0.438,0.894067634,-1.706687916,-0.61408274,-0.167901567,0.016217025
321,24,256,89,Female,0.02252,0.00244,70000,30000,79000,48000,0.254,36000,4000,83000,79000,0.424,0.338700486,1.784934224,-0.884938402,0.84719471,-0.386944722
322,24,256,89,Female,0.48136,0.00144,19000,13000,79000,65000,0.362,57000,2000,90000,87000,0.491,1.25307598,-0.531079336,0.467368732,-1.874313909,2.559403512
323,24,256,89,Female,0.20565,0.00132,57000,5000,76000,70000,0.351,55000,2000,84000,82000,0.447,1.096448628,-0.176371357,-0.119012236,-1.400850936,-0.070521762
324,24,256,89,Female,0.20616,0.00076,38000,33000,79000,45000,0.231,38000,4000,86000,82000,0.447,0.120221757,1.372552245,-0.969232091,-0.06291859,1.354155464
325,24,256,89,Female,0.13781,0.00115,55000,11000,90000,79000,0.444,55000,2000,92000,89000,0.495,2.429424091,-0.411582204,0.384122567,-0.777987679,-0.751698709
326,24,256,89,Female,0.00064,0.00029,57000,35000,67000,32000,0.268,57000,2000,73000,70000,0.375,-0.890863161,2.373078421,-0.841762195,-0.508450204,-0.385871333
327,24,256,89,Female,0.05981,0.00458,17000,7000,128000,121000,0.444,16000,1000,133000,131000,0.596,5.76033594,-3.131000721,-0.846358458,3.275192134,-0.790071532
328,25,265,216,Female,0.06276,0.00195,32000,8000,65000,57000,0.349,39000,2000,83000,80000,0.486,-0.281337845,-0.674976276,0.003461746,0.259700107,-0.057233178
329,25,265,216,Female,0.1454,0.00112,36000,13000,71000,58000,0.31,38000,2000,79000,76000,0.446,-0.316185436,-0.231919546,-0.426385942,-0.370932377,0.306529718
330,25,265,216,Female,0.08942,0.00114,36000,7000,70000,62000,0.351,33000,2000,83000,80000,0.462,-0.081284936,-0.818342907,-0.331519574,0.021673621,-0.123994518
331,25,265,216,Female,0.09766,0.00181,55000,20000,74000,54000,0.31,55000,17000,77000,60000,0.382,-0.795012686,2.14144524,0.296300547,-0.685540507,-1.194550121
332,26,216,265,Female,0.1166,0.00166,54000,4000,79000,74000,0.394,41000,1000,84000,83000,0.531,1.311315838,-0.991202583,0.416717221,-0.352584452,-0.481090341
333,26,216,265,Female,0.1166,0.00176,54000,4000,79000,74000,0.404,41000,1000,84000,83000,0.531,1.334229538,-1.014833327,0.499390559,-0.320544378,-0.491631565
334,27,273,274,Female,0.16878,0.00102,29000,13000,70000,57000,0.31,26000,2000,74000,71000,0.433,-0.960337429,-0.580390091,-0.456823729,-0.161170924,0.577997167
335,27,273,274,Female,0.19285,0.00338,41000,24000,70000,45000,0.326,38000,4000,76000,71000,0.467,-0.529607795,0.733989512,0.525863677,0.319511438,1.006008766
336,28,237,209,Male,0.0663,0.00097,48000,5000,65000,60000,0.322,55000,4000,68000,64000,0.406,-0.983031869,0.099606237,-0.092595582,-1.297031697,-1.085122089
337,28,237,209,Male,0.1166,0.00181,49000,10000,68000,58000,0.334,49000,2000,76000,73000,0.459,-0.156980235,0.022668624,0.117820811,-0.667390997,-0.196657963
338,28,237,209,Male,0.09348,0.00141,55000,11000,68000,57000,0.341,55000,4000,70000,65000,0.406,-0.595564712,0.555769832,0.116167058,-1.140384932,-0.823758759
339,28,237,209,Male,0.10359,0.00323,54000,4000,71000,67000,0.382,32000,2000,74000,71000,0.471,-0.0652784,-0.813360802,0.517405619,0.178785026,-0.501867336
340,28,237,209,Male,0.12117,0.00139,48000,20000,74000,54000,0.336,49000,4000,76000,71000,0.439,-0.133184908,0.741329975,0.082766528,-0.584084344,-0.176885513
341,28,237,209,Male,0.10112,0.0036,55000,5000,76000,70000,0.34,51000,4000,76000,71000,0.405,0.139086994,-0.023081535,0.05289064,-0.367959087,-1.016777838
342,28,237,209,Male,0.10837,0.00181,54000,13000,65000,52000,0.316,54000,4000,74000,70000,0.411,-0.562361919,0.766214009,-0.061141762,-0.860976488,-0.335793155
343,28,237,209,Male,0.10022,0.00159,41000,23000,71000,48000,0.33,39000,2000,76000,73000,0.436,-0.513233041,0.536350561,-0.148794361,0.061940346,0.214490328
344,29,224,8919,Male,0.20326,0.00089,58000,16000,86000,70000,0.352,55000,4000,89000,84000,0.463,1.725301374,0.493498534,-0.114524851,-1.144340074,-0.086747919
345,30,238,276,Female,0.01019,0.00955,30000,26000,65000,39000,0.214,30000,26000,65000,39000,0.229,-4.059796712,2.977683722,0.324283562,2.836422285,-1.300985406
346,30,238,276,Female,0.17749,0.00138,57000,10000,65000,55000,0.323,55000,2000,77000,74000,0.459,0.027193218,0.386837133,0.132647657,-1.302014081,0.22441572
347,30,238,276,Female,0.37909,0.00241,24000,4000,67000,62000,0.325,21000,1000,80000,79000,0.504,-0.295798519,-1.551188503,0.218538324,-0.379113918,2.334275043
348,31,238,277,Female,0.30779,0.0015,19000,13000,70000,57000,0.27,41000,4000,80000,76000,0.452,-0.567409515,-0.268904488,-0.309457236,-0.861162017,1.611071063
349,31,238,277,Female,0.36292,0.00106,41000,11000,77000,65000,0.377,41000,2000,80000,77000,0.484,0.681541554,-0.545774427,0.500434038,-1.436496892,1.456700386
350,31,238,277,Female,0.32704,0.00126,21000,17000,54000,36000,0.255,20000,4000,77000,73000,0.458,-1.826313209,-0.029921988,-0.306983132,-0.226974458,2.753788258
351,31,238,277,Female,0.18124,0.00338,20000,5000,71000,65000,0.368,43000,2000,82000,79000,0.492,-0.015800235,-1.184490825,0.513327357,0.064782038,0.518202253
352,31,238,277,Female,0.44599,0.00307,42000,7000,74000,67000,0.33,38000,2000,83000,80000,0.495,0.761493164,-0.705353258,0.500949599,-1.090472254,2.24877655
353,31,238,277,Female,0.24038,0.00165,36000,5000,74000,68000,0.376,20000,2000,83000,80000,0.458,0.178907249,-1.343771609,-0.110054212,-0.061019479,0.83986585
354,31,238,277,Female,0.02325,0.00226,17000,8000,67000,58000,0.323,20000,4000,79000,74000,0.464,-1.247600275,-1.123351438,-0.321693573,1.181785668,-0.210748629
355,31,238,277,Female,0.23884,0.00401,41000,10000,73000,62000,0.355,39000,2000,90000,87000,0.505,0.920666472,-0.512538756,0.414703635,0.324249857,1.151808482
356,31,238,277,Female,0.38272,0.0023,36000,11000,62000,51000,0.341,36000,2000,86000,83000,0.47,0.044536599,-0.338898368,0.244286213,-0.755911667,2.484423297
357,31,238,277,Female,0.30178,0.00297,38000,7000,71000,64000,0.348,39000,4000,77000,73000,0.431,-0.187884564,-0.488642789,0.322306443,-0.721920536,0.992584747
358,31,238,277,Female,0.29431,0.00185,21000,7000,68000,61000,0.297,41000,4000,77000,73000,0.452,-0.698082158,-0.664210348,-0.023390011,-0.94108462,1.254507735
359,31,238,277,Female,0.19033,0.00154,58000,19000,74000,55000,0.347,58000,4000,79000,74000,0.438,0.460029929,1.038096227,0.264297768,-1.175076191,0.125519682
360,31,238,277,Female,0.42346,0.00163,19000,5000,60000,54000,0.294,41000,2000,79000,76000,0.476,-0.726201996,-0.846268095,0.160477385,-1.490719346,2.622200225
361,31,238,277,Female,0.42837,0.00173,60000,29000,77000,48000,0.345,42000,2000,77000,74000,0.442,0.603859074,1.216904838,0.46197447,-1.359744364,2.319031548
362,31,238,277,Female,0.47214,0.00126,43000,21000,77000,55000,0.35,43000,4000,79000,74000,0.423,0.364147703,0.547400903,0.336041486,-1.751440863,2.35884561
363,31,238,277,Female,0.42824,0.00292,41000,16000,71000,55000,0.335,39000,2000,80000,77000,0.472,0.269696133,-0.011175251,0.553248546,-0.946614069,2.454642938
364,31,238,277,Female,0.43332,0.00335,36000,13000,71000,58000,0.299,36000,2000,80000,77000,0.455,0.037316899,-0.247805173,0.196376143,-0.786475102,2.494060551
365,32,279,238,Female,0.00759,0.00187,45000,1000,82000,80000,0.436,10000,1000,92000,90000,0.519,1.287917211,-2.106656495,-0.133016913,1.436341369,-0.911986083
366,32,279,238,Female,0.1155,0.0015,55000,5200,69100,63800,0.51,55600,3500,73200,69700,0.6,0.738970164,-0.696189569,2.402832833,-1.080190717,-0.689816503
367,32,279,238,Female,0.1699,0.0018,62600,4100,73200,69100,0.57,53300,2900,84300,81400,0.674,2.1623545,-1.063997131,2.954454857,-0.870084433,-0.19536098
368,32,279,238,Female,0.06754,0.00112,57000,20000,71000,51000,0.291,54000,2000,74000,71000,0.439,-0.214958844,1.040664316,-0.287190777,-0.73889371,-0.461835484
369,33,238,279,Female,0.28864,0.00262,46000,20000,64000,43000,0.346,54000,1000,96000,95000,0.561,1.300161095,0.564921329,0.666017289,-0.378290856,2.276702856
370,33,238,279,Female,0.21563,0.00112,30000,16000,67000,51000,0.325,54000,4000,86000,82000,0.462,0.038142111,0.331414169,-0.031956529,-0.883127005,1.000512708
371,33,238,279,Female,0.15897,0.0011,55000,19000,76000,57000,0.324,55000,5000,80000,74000,0.447,0.404766906,0.988428157,0.030350949,-1.024460164,-0.105841523
372,33,238,279,Female,0.185,0.0011,54000,24000,76000,51000,0.369,54000,4000,83000,79000,0.461,0.733841386,1.096768072,0.331899811,-0.842100569,0.409777082
373,33,238,279,Female,0.14003,0.00143,58000,20000,79000,58000,0.353,35000,2000,87000,84000,0.497,1.080132107,0.305141508,-0.040881001,0.099660172,0.319592432
374,33,238,279,Female,0.26414,0.00081,61000,26000,84000,58000,0.349,57000,2000,87000,84000,0.491,1.747792362,1.10490784,0.205281515,-1.274025595,0.86422161
375,34,278,275,Male,0.03694,0.0009,19000,8000,71000,62000,0.365,19000,2000,93000,90000,0.471,0.032292564,-1.428295878,-0.778711954,1.09637274,0.052789897
376,34,278,275,Male,0.04305,0.00538,38000,8000,74000,65000,0.37,39000,2000,93000,90000,0.455,0.77694565,-0.636456187,-0.012007778,1.571520073,-0.305043887
377,34,278,275,Male,0.01757,0.00159,55000,13000,79000,65000,0.363,19000,4000,90000,86000,0.452,0.727756186,-0.328270641,-0.650097124,1.10519494,-0.697060859
378,34,278,275,Male,0.05981,0.00229,57000,2000,77000,74000,0.395,57000,1000,79000,77000,0.457,0.904880185,-0.552743226,0.303883014,-0.763335098,-1.353577755
379,34,278,275,Male,0.05998,0.00206,57000,2000,77000,74000,0.39,57000,1000,79000,77000,0.457,0.893670341,-0.542652789,0.237670023,-0.835620074,-1.354184107
380,34,278,275,Male,0.21128,0.00139,32000,11000,71000,60000,0.364,29000,1000,77000,76000,0.457,-0.297696737,-0.866658042,0.018606504,-0.289408887,0.815209467
381,34,278,275,Male,0.06745,0.00118,54000,2000,73000,70000,0.369,58000,1000,82000,80000,0.458,0.789685436,-0.458673086,-0.065257849,-1.06273236,-1.062725531
382,34,278,275,Male,0.09207,0.00152,54000,2000,67000,64000,0.363,55000,1000,98000,96000,0.501,1.524030709,-0.440169396,-0.242209432,-0.486455512,-0.139721083
383,34,278,275,Male,0.09664,0.00169,52000,19000,76000,57000,0.356,52000,2000,130000,127000,0.495,3.527556649,0.583205944,-1.28347195,0.910179491,0.909742742
384,34,278,275,Male,0.2449,0.00198,24000,5000,71000,65000,0.36,20000,2000,77000,74000,0.435,-0.646793138,-1.452016951,-0.106723829,-0.049476381,0.948837115
385,34,278,275,Male,0.05277,0.00132,20000,11000,30000,19000,0.254,20000,2000,71000,68000,0.373,-3.779921053,0.017897703,-0.951364009,0.595998974,1.329706599
386,34,278,275,Male,0.05277,0.00132,20000,11000,30000,19000,0.254,20000,2000,71000,68000,0.373,-3.779921053,0.017897703,-0.951364009,0.595998974,1.329706599
387,34,278,275,Male,0.03831,0.00144,20000,11000,30000,19000,0.254,20000,2000,71000,68000,0.372,-3.799010487,0.021502586,-0.960450427,0.692702825,1.231118751
388,34,278,275,Male,0.17638,0.0009,42000,27000,71000,43000,0.341,55000,1000,99000,98000,0.485,1.332924677,1.00418482,-0.363136605,-0.266011853,1.364814198
389,34,278,275,Male,0.05742,0.00179,21000,2000,76000,73000,0.384,20000,1000,96000,95000,0.491,0.769668739,-2.022864562,-0.623070413,1.178374636,-0.077244128
390,34,278,275,Male,0.01036,0.00079,52000,7000,71000,64000,0.361,51000,4000,76000,71000,0.437,-0.124959321,-0.018080107,-0.045242523,-0.740825843,-1.454546744
391,34,278,275,Male,0.10094,0.00272,52000,20000,67000,46000,0.299,52000,1000,74000,73000,0.472,-0.32150752,0.84754022,0.199342485,-0.211158406,0.204620536
392,34,278,275,Male,0.07462,0.00122,57000,17000,71000,54000,0.321,55000,8000,76000,67000,0.429,-0.33500794,1.250486048,0.127771372,-0.823115797,-0.872617412
393,34,278,275,Male,0.18905,0.00108,55000,16000,74000,58000,0.332,61000,5000,86000,80000,0.439,0.792052852,0.953379812,-0.070564113,-1.290870088,0.105267536
394,34,278,275,Male,0.1629,0.00079,55000,26000,76000,49000,0.302,61000,11000,79000,67000,0.418,-0.118337088,2.155012463,0.143769251,-1.230430072,-0.245006515
395,34,278,275,Male,0.07172,0.00101,62000,10000,87000,77000,0.375,62000,8000,77000,68000,0.421,0.868417931,0.593244519,0.243062624,-1.355348795,-2.002157697
396,34,278,275,Male,0.14865,0.00137,61000,21000,76000,54000,0.323,60000,8000,77000,68000,0.44,0.174279676,1.602938991,0.348993768,-1.158107118,-0.426649272
397,34,278,275,Male,0.00456,0.00228,61000,16000,73000,57000,0.344,61000,5000,114000,108000,0.461,2.373474156,1.095686954,-0.826940762,0.555561707,-0.480890028
398,34,278,275,Male,0.19814,0.0007,20000,13000,60000,46000,0.26,20000,2000,76000,73000,0.426,-1.711053926,-0.528042621,-0.889303627,-0.028228661,1.449156261
